{"science":{"easy":[{"question":"What is the boiling point of water?","options":["100°C","90°C","80°C","120°C"],"answer":"100°C"},{"question":"What is the chemical symbol for oxygen?","options":["O","O2","H2O","C"],"answer":"O"},{"question":"Which planet is known as the Red Planet?","options":["Earth","Mars","Venus","Jupiter"],"answer":"Mars"},{"question":"What gas do plants absorb from the atmosphere?","options":["Oxygen","Nitrogen","Carbon Dioxide","Hydrogen"],"answer":"Carbon Dioxide"},{"question":"What is the hardest natural substance on Earth?","options":["Gold","Iron","Diamond","Quartz"],"answer":"Diamond"},{"question":"What is the process of converting liquid to gas called?","options":["Melting","Condensation","Evaporation","Sublimation"],"answer":"Evaporation"},{"question":"What organ is responsible for pumping blood throughout the body?","options":["Lungs","Liver","Heart","Kidneys"],"answer":"Heart"},{"question":"What is the primary unit of life?","options":["Tissue","Cell","Organ","Organism"],"answer":"Cell"},{"question":"Which part of the plant conducts photosynthesis?","options":["Root","Stem","Leaf","Flower"],"answer":"Leaf"},{"question":"What type of animal is a frog?","options":["Mammal","Reptile","Amphibian","Bird"],"answer":"Amphibian"}],"medium":[{"question":"What is the main gas found in the air we breathe?","options":["Oxygen","Nitrogen","Carbon Dioxide","Hydrogen"],"answer":"Nitrogen"},{"question":"Who proposed the theory of evolution?","options":["Albert Einstein","Charles Darwin","Isaac Newton","Galileo Galilei"],"answer":"Charles Darwin"},{"question":"What is the largest organ in the human body?","options":["Heart","Liver","Skin","Lungs"],"answer":"Skin"},{"question":"What is the speed of light?","options":["300,000 km/s","150,000 km/s","1,000 km/s","3,000 km/s"],"answer":"300,000 km/s"},{"question":"What type of energy is stored in food?","options":["Kinetic Energy","Potential Energy","Chemical Energy","Mechanical Energy"],"answer":"Chemical Energy"},{"question":"What are the building blocks of proteins?","options":["Nucleotides","Amino Acids","Fatty Acids","Monosaccharides"],"answer":"Amino Acids"},{"question":"Which part of the brain is responsible for balance?","options":["Cerebrum","Cerebellum","Brainstem","Hypothalamus"],"answer":"Cerebellum"},{"question":"What is the process by which cells divide?","options":["Mitosis","Meiosis","Fission","Fusion"],"answer":"Mitosis"},{"question":"What is the pH level of pure water?","options":["0","7","14","10"],"answer":"7"},{"question":"What is the most abundant gas in the Earth's atmosphere?","options":["Oxygen","Nitrogen","Argon","Carbon Dioxide"],"answer":"Nitrogen"}],"hard":[{"question":"What is the smallest unit of matter?","options":["Atom","Molecule","Cell","Element"],"answer":"Atom"},{"question":"What is the name of the process by which plants convert sunlight into energy?","options":["Photosynthesis","Respiration","Transpiration","Fermentation"],"answer":"Photosynthesis"},{"question":"What is the name of the protein that carries oxygen in the blood?","options":["Hemoglobin","Myoglobin","Keratin","Collagen"],"answer":"Hemoglobin"},{"question":"What is the law of conservation of mass?","options":["Mass cannot be created or destroyed","Mass can be created","Mass is variable","Mass changes with energy"],"answer":"Mass cannot be created or destroyed"},{"question":"What is the phenomenon of a substance changing from a gas to a liquid?","options":["Evaporation","Condensation","Sublimation","Melting"],"answer":"Condensation"},{"question":"What type of bond involves the sharing of electron pairs?","options":["Ionic Bond","Covalent Bond","Hydrogen Bond","Metallic Bond"],"answer":"Covalent Bond"},{"question":"What is the process of a liquid turning into a solid called?","options":["Melting","Freezing","Condensation","Sublimation"],"answer":"Freezing"},{"question":"What type of organism can live in extreme environments?","options":["Eukaryotes","Bacteria","Archaea","Viruses"],"answer":"Archaea"},{"question":"What is the main function of red blood cells?","options":["Transport nutrients","Transport oxygen","Fight infections","Clot blood"],"answer":"Transport oxygen"},{"question":"What is the second law of thermodynamics?","options":["Energy cannot be created","Entropy of isolated systems always increases","Energy is conserved","All matter is made of atoms"],"answer":"Entropy of isolated systems always increases"}]},"history":{"easy":[{"question":"Who was the first President of the United States?","options":["George Washington","Abraham Lincoln","Thomas Jefferson","John Adams"],"answer":"George Washington"},{"question":"In what year did the Titanic sink?","options":["1900","1912","1920","1935"],"answer":"1912"},{"question":"Who was known as the Iron Lady?","options":["Margaret Thatcher","Indira Gandhi","Golda Meir","Angela Merkel"],"answer":"Margaret Thatcher"},{"question":"What ancient civilization built the pyramids?","options":["Maya","Egyptians","Greeks","Romans"],"answer":"Egyptians"},{"question":"Which war was fought between the North and South regions in the USA?","options":["World War I","World War II","Civil War","Vietnam War"],"answer":"Civil War"},{"question":"Who discovered America?","options":["Christopher Columbus","Ferdinand Magellan","Marco Polo","Leif Erikson"],"answer":"Christopher Columbus"},{"question":"What is the capital of ancient Rome?","options":["Athens","Carthage","Rome","Constantinople"],"answer":"Rome"},{"question":"Who was the first woman to fly solo across the Atlantic?","options":["Amelia Earhart","Harriet Quimby","Bessie Coleman","Ellen Church"],"answer":"Amelia Earhart"},{"question":"Which country was ruled by the Pharaohs?","options":["Greece","Egypt","Rome","China"],"answer":"Egypt"},{"question":"Who was the first man on the moon?","options":["Buzz Aldrin","Neil Armstrong","Yuri Gagarin","John Glenn"],"answer":"Neil Armstrong"}],"medium":[{"question":"What year did World War II begin?","options":["1939","1941","1945","1938"],"answer":"1939"},{"question":"Which treaty ended World War I?","options":["Treaty of Versailles","Treaty of Trianon","Treaty of Paris","Treaty of Frankfurt"],"answer":"Treaty of Versailles"},{"question":"What was the name of the ship that sank on its maiden voyage in 1912?","options":["Lusitania","Titanic","Olympic","Britannic"],"answer":"Titanic"},{"question":"Which empire was known for its road system and extensive trade?","options":["Mongol Empire","Roman Empire","Ottoman Empire","British Empire"],"answer":"Roman Empire"},{"question":"Who wrote the Declaration of Independence?","options":["George Washington","Thomas Jefferson","Benjamin Franklin","John Adams"],"answer":"Thomas Jefferson"},{"question":"What was the first country to grant women the right to vote?","options":["United States","New Zealand","Australia","Canada"],"answer":"New Zealand"},{"question":"Who was the famous civil rights leader during the 1960s in the USA?","options":["Malcolm X","Martin Luther King Jr.","Rosa Parks","Nelson Mandela"],"answer":"Martin Luther King Jr."},{"question":"What year did the Berlin Wall fall?","options":["1989","1991","1987","1990"],"answer":"1989"},{"question":"Which ancient city is known as the birthplace of democracy?","options":["Athens","Rome","Carthage","Sparta"],"answer":"Athens"},{"question":"What year did the United States gain independence?","options":["1776","1783","1812","1765"],"answer":"1776"}],"hard":[{"question":"What ancient civilization is known for creating the first writing system?","options":["Sumerians","Egyptians","Babylonians","Indus Valley"],"answer":"Sumerians"},{"question":"Who was the last Tsar of Russia?","options":["Nicholas II","Alexander III","Peter the Great","Ivan IV"],"answer":"Nicholas II"},{"question":"Which battle is considered the turning point of the American Civil War?","options":["Battle of Gettysburg","Battle of Antietam","Battle of Vicksburg","Battle of Fort Sumter"],"answer":"Battle of Gettysburg"},{"question":"What was the name of the first successful English colony in America?","options":["Jamestown","Plymouth","Roanoke","Savannah"],"answer":"Jamestown"},{"question":"Who was the first female Prime Minister of India?","options":["Indira Gandhi","Sonia Gandhi","Pratibha Patil","Kiran Bedi"],"answer":"Indira Gandhi"},{"question":"Which war was fought between the British Empire and the Boer Republics?","options":["World War I","World War II","Boer War","Crimean War"],"answer":"Boer War"},{"question":"What was the main cause of the French Revolution?","options":["Economic hardship","Monarchical tyranny","Religious conflict","Colonial issues"],"answer":"Economic hardship"},{"question":"Which famous battle was fought in 1066?","options":["Battle of Hastings","Battle of Waterloo","Battle of Agincourt","Battle of Bosworth Field"],"answer":"Battle of Hastings"},{"question":"What is the historical significance of the Magna Carta?","options":["Established the British monarchy","Limited the power of the king","Ended the plague","Created the first parliament"],"answer":"Limited the power of the king"},{"question":"Who was known as the Sun King?","options":["Louis XIV","Louis XVI","Napoleon Bonaparte","Charles de Gaulle"],"answer":"Louis XIV"}]},"maths":{"easy":[{"question":"What is 5 + 3?","options":["6","7","8","9"],"answer":"8"},{"question":"What is the value of π (Pi) approximately?","options":["3.14","3.15","3.16","3.13"],"answer":"3.14"},{"question":"What is 10 - 4?","options":["5","6","7","4"],"answer":"6"},{"question":"What is 6 × 7?","options":["42","36","48","54"],"answer":"42"},{"question":"What is the square root of 16?","options":["2","4","8","6"],"answer":"4"},{"question":"What is 12 ÷ 4?","options":["3","2","4","6"],"answer":"3"},{"question":"What is 8 + 5?","options":["10","12","13","14"],"answer":"13"},{"question":"What is the area of a square with a side length of 4?","options":["8","12","16","20"],"answer":"16"},{"question":"What is 9 - 3?","options":["6","5","4","3"],"answer":"6"},{"question":"What is 3 × 3?","options":["6","7","8","9"],"answer":"9"}],"medium":[{"question":"What is the value of 2^5?","options":["16","32","64","8"],"answer":"32"},{"question":"What is the formula for the area of a circle?","options":["πr^2","2πr","πd","2r"],"answer":"πr^2"},{"question":"What is 15% of 200?","options":["20","30","25","15"],"answer":"30"},{"question":"What is the median of the following numbers: 3, 5, 7, 9, 11?","options":["5","6","7","8"],"answer":"7"},{"question":"If the circumference of a circle is 31.4 cm, what is its diameter?","options":["7 cm","10 cm","5 cm","6 cm"],"answer":"10 cm"},{"question":"What is the value of x in the equation 2x + 3 = 11?","options":["3","4","5","6"],"answer":"4"},{"question":"What is the slope of the line represented by the equation y = 2x + 3?","options":["2","3","1","0"],"answer":"2"},{"question":"What is the value of sin(30°)?","options":["0.5","0.25","1","0"],"answer":"0.5"},{"question":"What is the quadratic formula?","options":["x = (-b ± √(b^2 - 4ac)) / 2a","x = (b ± √(b^2 + 4ac)) / 2a","x = (b ± √(b^2 - 4ac))","x = -b / a"],"answer":"x = (-b ± √(b^2 - 4ac)) / 2a"},{"question":"What is the result of 25 × 4?","options":["100","150","125","75"],"answer":"100"}],"hard":[{"question":"What is the derivative of x^2?","options":["2x","x^2","x","3x"],"answer":"2x"},{"question":"What is the integral of x dx?","options":["(1/2)x^2 + C","(1/3)x^3 + C","(1/4)x^4 + C","x^2 + C"],"answer":"(1/2)x^2 + C"},{"question":"What is the value of log(100)?","options":["2","3","10","1"],"answer":"2"},{"question":"What is the limit of (1/x) as x approaches 0?","options":["0","∞","1","-∞"],"answer":"∞"},{"question":"What is the sum of the interior angles of a triangle?","options":["180°","90°","360°","270°"],"answer":"180°"},{"question":"What is the value of e (Euler's number) approximately?","options":["2.71","3.14","1.61","1.41"],"answer":"2.71"},{"question":"What is the third Fibonacci number?","options":["1","2","3","5"],"answer":"2"},{"question":"What is the value of the cosine of 60°?","options":["0.5","1","0","-1"],"answer":"0.5"},{"question":"What is the area of a triangle with a base of 6 and a height of 4?","options":["12","24","18","10"],"answer":"12"},{"question":"What is the value of the determinant of a 2x2 matrix [[a, b], [c, d]]?","options":["ad - bc","ab - cd","ac - bd","a + d"],"answer":"ad - bc"}]},"computers":{"easy":[{"question":"What does CPU stand for?","options":["Central Processing Unit","Computer Personal Unit","Central Program Unit","Computer Power Unit"],"answer":"Central Processing Unit"},{"question":"What is the main function of RAM?","options":["Store data temporarily","Store data permanently","Process data","Transmit data"],"answer":"Store data temporarily"},{"question":"Which of the following is an input device?","options":["Keyboard","Monitor","Printer","Speaker"],"answer":"Keyboard"},{"question":"What does URL stand for?","options":["Uniform Resource Locator","Universal Resource Locator","Uniform Reference Locator","Universal Reference Locator"],"answer":"Uniform Resource Locator"},{"question":"What does GUI stand for?","options":["Graphical User Interface","General User Interface","Graphical Unified Interface","General Unified Interface"],"answer":"Graphical User Interface"},{"question":"Which part of the computer is responsible for executing instructions?","options":["CPU","RAM","Hard Drive","Motherboard"],"answer":"CPU"},{"question":"What is the main purpose of an operating system?","options":["Manage computer hardware and software","Run applications","Store files","Connect to the internet"],"answer":"Manage computer hardware and software"},{"question":"Which of the following is an example of an output device?","options":["Monitor","Scanner","Keyboard","Mouse"],"answer":"Monitor"},{"question":"What is the binary number for the decimal number 2?","options":["10","11","100","01"],"answer":"10"},{"question":"Which of the following is a programming language?","options":["HTML","CSS","JavaScript","All of the above"],"answer":"All of the above"}],"medium":[{"question":"What does HTTP stand for?","options":["HyperText Transfer Protocol","HyperText Transmission Protocol","HyperText Transfer Program","HyperText Transmission Program"],"answer":"HyperText Transfer Protocol"},{"question":"Which component of a computer is responsible for storing data permanently?","options":["Hard Drive","RAM","CPU","Motherboard"],"answer":"Hard Drive"},{"question":"What is the purpose of a firewall?","options":["Protect against unauthorized access","Store data","Execute programs","Display information"],"answer":"Protect against unauthorized access"},{"question":"What is the primary function of a database?","options":["Store and manage data","Execute programs","Display information","Process transactions"],"answer":"Store and manage data"},{"question":"Which of the following is an example of an operating system?","options":["Windows","Linux","macOS","All of the above"],"answer":"All of the above"},{"question":"What is the main purpose of a compiler?","options":["Translate high-level code to machine code","Execute programs","Store data","Debug programs"],"answer":"Translate high-level code to machine code"},{"question":"Which of the following is used to connect computers to a network?","options":["Router","Modem","Switch","All of the above"],"answer":"All of the above"},{"question":"What is the function of a motherboard?","options":["Connect all components of the computer","Store data","Execute programs","Manage power supply"],"answer":"Connect all components of the computer"},{"question":"What is a URL?","options":["Address of a web page","Type of programming language","Computer virus","None of the above"],"answer":"Address of a web page"},{"question":"What is the purpose of an algorithm?","options":["Solve problems","Store data","Execute programs","Display information"],"answer":"Solve problems"}],"hard":[{"question":"What is the difference between a compiler and an interpreter?","options":["Compiler translates entire code at once, interpreter translates code line by line","Compiler is slower than interpreter","Interpreter creates executables, compiler does not","There is no difference"],"answer":"Compiler translates entire code at once, interpreter translates code line by line"},{"question":"What is the purpose of a cache memory?","options":["Store frequently accessed data for quick retrieval","Store data permanently","Execute programs","Manage power supply"],"answer":"Store frequently accessed data for quick retrieval"},{"question":"What is polymorphism in programming?","options":["Ability to process objects differently based on their data type","Ability to create new classes from existing classes","Ability to hide implementation details","Ability to use multiple inheritance"],"answer":"Ability to process objects differently based on their data type"},{"question":"What is the purpose of version control systems?","options":["Track changes in code","Compile programs","Debug errors","Execute programs"],"answer":"Track changes in code"},{"question":"What is the main function of DNS?","options":["Translate domain names to IP addresses","Store web pages","Manage email","Provide security"],"answer":"Translate domain names to IP addresses"},{"question":"What is the difference between SSD and HDD?","options":["SSD is faster and more reliable than HDD","HDD is faster than SSD","SSD has larger storage capacity than HDD","There is no difference"],"answer":"SSD is faster and more reliable than HDD"},{"question":"What is the main purpose of a VPN?","options":["Create a secure connection over the internet","Store data","Execute programs","Display information"],"answer":"Create a secure connection over the internet"},{"question":"What does SQL stand for?","options":["Structured Query Language","Sequential Query Language","Standard Query Language","Simple Query Language"],"answer":"Structured Query Language"},{"question":"What is the purpose of a debugger?","options":["Identify and fix errors in code","Compile programs","Store data","Execute programs"],"answer":"Identify and fix errors in code"},{"question":"What is the main function of an API?","options":["Allow different software applications to communicate","Store data","Execute programs","Provide security"],"answer":"Allow different software applications to communicate"}]},"general":{"easy":[{"question":"What is the capital of France?","options":["Berlin","Madrid","Paris","Rome"],"answer":"Paris"},{"question":"Which planet is known as the Red Planet?","options":["Earth","Mars","Jupiter","Saturn"],"answer":"Mars"},{"question":"What is the largest mammal in the world?","options":["Elephant","Blue Whale","Giraffe","Great White Shark"],"answer":"Blue Whale"},{"question":"Which element has the chemical symbol O?","options":["Oxygen","Gold","Osmium","Oganesson"],"answer":"Oxygen"},{"question":"Who wrote 'Romeo and Juliet'?","options":["Charles Dickens","Mark Twain","William Shakespeare","Jane Austen"],"answer":"William Shakespeare"},{"question":"What is the smallest country in the world?","options":["Monaco","Malta","Vatican City","San Marino"],"answer":"Vatican City"},{"question":"What is the boiling point of water?","options":["100°C","0°C","50°C","200°C"],"answer":"100°C"},{"question":"What is the hardest natural substance on Earth?","options":["Gold","Iron","Diamond","Graphite"],"answer":"Diamond"},{"question":"What is the currency of Japan?","options":["Yen","Won","Dollar","Euro"],"answer":"Yen"},{"question":"Who painted the Mona Lisa?","options":["Vincent Van Gogh","Pablo Picasso","Leonardo da Vinci","Claude Monet"],"answer":"Leonardo da Vinci"}],"medium":[{"question":"What is the longest river in the world?","options":["Amazon","Nile","Yangtze","Mississippi"],"answer":"Nile"},{"question":"Which country is known as the Land of the Rising Sun?","options":["China","Japan","Thailand","South Korea"],"answer":"Japan"},{"question":"Who is known as the Father of Modern Physics?","options":["Isaac Newton","Albert Einstein","Galileo Galilei","Niels Bohr"],"answer":"Albert Einstein"},{"question":"What is the largest desert in the world?","options":["Sahara","Arabian","Gobi","Kalahari"],"answer":"Sahara"},{"question":"What is the primary ingredient in guacamole?","options":["Tomato","Avocado","Pepper","Onion"],"answer":"Avocado"},{"question":"What is the hardest natural substance on Earth?","options":["Diamond","Gold","Iron","Quartz"],"answer":"Diamond"},{"question":"What is the currency of the United Kingdom?","options":["Dollar","Pound","Euro","Yen"],"answer":"Pound"},{"question":"Which famous scientist developed the theory of general relativity?","options":["Isaac Newton","Albert Einstein","Stephen Hawking","Marie Curie"],"answer":"Albert Einstein"},{"question":"What is the chemical symbol for gold?","options":["Ag","Au","Fe","Pb"],"answer":"Au"},{"question":"What is the tallest mountain in the world?","options":["K2","Kangchenjunga","Mount Everest","Lhotse"],"answer":"Mount Everest"}],"hard":[{"question":"What is the chemical formula for table salt?","options":["NaCl","KCl","CaCl2","MgCl2"],"answer":"NaCl"},{"question":"Which famous physicist formulated the laws of motion?","options":["Isaac Newton","Albert Einstein","Niels Bohr","Galileo Galilei"],"answer":"Isaac Newton"},{"question":"What is the capital city of Australia?","options":["Canberra","Sydney","Melbourne","Brisbane"],"answer":"Canberra"},{"question":"What is the Pythagorean theorem?","options":["a^2 + b^2 = c^2","a^2 - b^2 = c^2","a + b = c","a/b = c"],"answer":"a^2 + b^2 = c^2"},{"question":"Who discovered penicillin?","options":["Marie Curie","Louis Pasteur","Alexander Fleming","Isaac Newton"],"answer":"Alexander Fleming"},{"question":"What is the theory of evolution?","options":["Species change over time through natural selection","All species were created at once","Species remain unchanged","Species evolve due to genetic engineering"],"answer":"Species change over time through natural selection"},{"question":"What is the largest organ in the human body?","options":["Heart","Liver","Skin","Lungs"],"answer":"Skin"},{"question":"Who is the author of '1984'?","options":["George Orwell","Aldous Huxley","Ray Bradbury","J.K. Rowling"],"answer":"George Orwell"},{"question":"What is the boiling point of water in Fahrenheit?","options":["212°F","100°F","0°F","32°F"],"answer":"212°F"},{"question":"What is the powerhouse of the cell?","options":["Nucleus","Mitochondria","Ribosome","Endoplasmic reticulum"],"answer":"Mitochondria"}]}}